FormatVersion,aws_v1
Disclaimer,fixture
Publication Date,2026-08-05
OfferCode,AmazonEC2
Version,fixture
SKU,TermType,PricePerUnit,Unit,Product Family,Instance Type,Operating System,Tenancy,Pre Installed S/W,CapacityStatus
sku-m7i,OnDemand,0.4032,Hrs,Compute Instance,m7i.2xlarge,Linux,Shared,NA,Used
sku-i4i,OnDemand,0.686,Hrs,Compute Instance,i4i.2xlarge,Linux,Shared,NA,Used
sku-spot,OnDemand,0.1,Hrs,Compute Instance,m7i.2xlarge,Linux,Shared,NA,UnusedCapacityReservation
sku-windows,OnDemand,0.8,Hrs,Compute Instance,m7i.2xlarge,Windows,Shared,NA,Used
